player,team,position,default_xmins
Rayan Aït-Nouri,Algeria,DEF,86.39
Ramy Bensebaini,Algeria,DEF,90.0
Aïssa Mandi,Algeria,DEF,87.61
Zinéddine Belaïd,Algeria,DEF,16.23
Rafik Belghali,Algeria,DEF,82.49
Achref Abada,Algeria,DEF,6.92
Mohammed Amoura,Algeria,FWD,84.15
Amine Gouiri,Algeria,FWD,71.21
Riyad Mahrez,Algeria,MID,75.35
Ibrahim Maza,Algeria,FWD,32.56
Anis Hadj Moussa,Algeria,FWD,21.94
Farès Ghedjemis,Algeria,FWD,6.92
Ahmed Benbouali,Algeria,FWD,6.92
Luca Zidane,Algeria,GK,6.92
Melvin Mastil,Algeria,GK,6.92
Adil Boulbina,Algeria,MID,9.57
Yacine Titraoui,Algeria,MID,6.92
Ramiz Zerrouki,Algeria,MID,37.53
Hicham Boudaoui,Algeria,MID,83.91
Houssem Aouar,Algeria,MID,24.77
Farès Chaïbi,Algeria,MID,71.43
Cristian Romero,Argentina,DEF,83.34
Nahuel Molina,Argentina,DEF,76.56
Nicolás Otamendi,Argentina,DEF,77.6
Nicolás Tagliafico,Argentina,DEF,80.2
Lionel Messi,Argentina,FWD,78.55
Julián Alvarez,Argentina,FWD,73.46
Giuliano Simeone,Argentina,MID,9.12
Nico González,Argentina,MID,28.02
José Manuel López,Argentina,FWD,0.01
Emiliano Martínez,Argentina,GK,87.51
Gerónimo Rulli,Argentina,GK,2.51
Juan Musso,Argentina,GK,0.01
Leandro Paredes,Argentina,MID,21.14
Rodrigo De Paul,Argentina,MID,80.34
Nico Paz,Argentina,MID,3.28
Valentín Barco,Argentina,MID,0.01
Exequiel Palacios,Argentina,MID,8.64
Thiago Almada,Argentina,MID,15.72
Alexis Mac Allister,Argentina,MID,76.17
Enzo Fernández,Argentina,MID,80.79
Jordan Bos,Australia,DEF,64.49
Alessandro Circati,Australia,DEF,32.42
Cameron Burgess,Australia,DEF,89.64
Milos Degenek,Australia,DEF,26.27
Aziz Behich,Australia,DEF,76.07
Jason Geria,Australia,DEF,77.55
Kai Trewin,Australia,DEF,6.7
Lucas Herrington,Australia,DEF,6.7
Nestory Irankunda,Australia,FWD,22.42
Nishan Velupillay,Australia,FWD,21.42
Jacob Italiano,Australia,DEF,6.7
Mathew Ryan,Australia,GK,90.0
Paul Izzo,Australia,GK,6.7
Patrick Beach,Australia,GK,6.7
Paul Okon,Australia,MID,6.7
Connor Metcalfe,Australia,MID,80.92
Aiden O'Neill,Australia,MID,72.24
Awer Mabil,Australia,MID,9.63
Ajdin Hrustic,Australia,MID,63.62
David Alaba,Austria,DEF,74.67
Philipp Lienhart,Austria,DEF,41.85
Alexander Prass,Austria,DEF,18.78
Kevin Danso,Austria,DEF,65.98
Stefan Posch,Austria,DEF,39.69
Phillipp Mwene,Austria,DEF,74.74
Marco Friedl,Austria,DEF,5.15
David Affengruber,Austria,DEF,0.0
Michael Svoboda,Austria,DEF,1.19
Marko Arnautovic,Austria,FWD,64.94
Michael Gregoritsch,Austria,FWD,23.52
Sasa Kalajdzic,Austria,FWD,0.0
Alexander Schlager,Austria,GK,83.42
Patrick Pentz,Austria,GK,6.58
Florian Wiegele,Austria,GK,0.0
Carney Chukwuemeka,Austria,MID,0.0
Konrad Laimer,Austria,MID,79.58
Alessandro Schöpf,Austria,MID,1.16
Florian Grillitsch,Austria,MID,8.23
Nicolas Seiwald,Austria,MID,85.36
Marcel Sabitzer,Austria,MID,84.86
Romano Schmid,Austria,MID,37.77
Patrick Wimmer,Austria,MID,52.77
Paul Wanner,Austria,MID,0.0
Xaver Schlager,Austria,MID,64.1
Christoph Baumgartner,Austria,MID,75.63
Maxim De Cuyper,Belgium,DEF,65.45
Timothy Castagne,Belgium,DEF,74.01
Arthur Theate,Belgium,DEF,76.59
Thomas Meunier,Belgium,DEF,19.17
Zeno Debast,Belgium,DEF,78.43
Axel Witsel,Belgium,MID,2.27
Koni De Winter,Belgium,DEF,10.78
Brandon Mechele,Belgium,DEF,5.43
Joaquin Seys,Belgium,DEF,4.47
Nathan Ngoy,Belgium,DEF,0.08
Romelu Lukaku,Belgium,FWD,81.37
Jérémy Doku,Belgium,MID,79.22
Dodi Lukébakio,Belgium,FWD,14.74
Alexis Saelemaekers,Belgium,MID,15.44
Charles De Ketelaere,Belgium,MID,63.44
Senne Lammens,Belgium,GK,6.41
Nicolas Raskin,Belgium,MID,28.61
Amadou Onana,Belgium,MID,72.77
Youri Tielemans,Belgium,MID,68.34
Kevin De Bruyne,Belgium,MID,79.52
Sead Kolasinac,Bosnia and Herzegovina,DEF,20.13
Amar Dedic,Bosnia and Herzegovina,DEF,82.32
Tarik Muharemovic,Bosnia and Herzegovina,DEF,85.52
Nikola Katic,Bosnia and Herzegovina,DEF,83.72
Stjepan Radeljic,Bosnia and Herzegovina,DEF,13.22
Nihad Mujakic,Bosnia and Herzegovina,DEF,10.57
Nidal Celik,Bosnia and Herzegovina,DEF,0.0
Ermedin Demirovic,Bosnia and Herzegovina,FWD,85.28
Edin Dzeko,Bosnia and Herzegovina,FWD,80.25
Jovo Lukic,Bosnia and Herzegovina,FWD,0.0
Haris Tabakovic,Bosnia and Herzegovina,FWD,11.02
Esmir Bajraktarevic,Bosnia and Herzegovina,FWD,62.88
Samed Bazdar,Bosnia and Herzegovina,FWD,12.88
Kerim Alajbegovic,Bosnia and Herzegovina,FWD,17.57
Nikola Vasilj,Bosnia and Herzegovina,GK,89.19
Osman Hadzikic,Bosnia and Herzegovina,GK,0.0
Martin Zlomislic,Bosnia and Herzegovina,GK,0.81
Amar Memic,Bosnia and Herzegovina,MID,68.14
Dzenis Burnic,Bosnia and Herzegovina,MID,61.44
Ivan Sunjic,Bosnia and Herzegovina,MID,79.45
Armin Gigovic,Bosnia and Herzegovina,MID,27.83
Ivan Basic,Bosnia and Herzegovina,MID,19.24
Benjamin Tahirovic,Bosnia and Herzegovina,MID,71.61
Amir Hadziahmetovic,Bosnia and Herzegovina,MID,2.5
Gabriel Magalhães,Brazil,DEF,84.29
Marquinhos,Brazil,DEF,84.94
Ibañez,Brazil,DEF,2.49
Douglas Santos,Brazil,DEF,6.64
Bremer,Brazil,DEF,2.14
Léo Pereira,Brazil,DEF,2.14
Vinícius Júnior,Brazil,MID,81.74
Matheus Cunha,Brazil,FWD,53.64
Gabriel Martinelli,Brazil,MID,22.84
Luiz Henrique,Brazil,FWD,53.45
Igor Thiago,Brazil,FWD,2.14
Rayan,Brazil,FWD,2.14
Endrick,Brazil,FWD,12.62
Ederson,Brazil,GK,7.64
Alisson Becker,Brazil,GK,86.64
Fabinho,Brazil,MID,2.14
Casemiro,Brazil,MID,82.81
Lucas Paquetá,Brazil,MID,26.17
João Paulo,Cabo Verde,MID,6.07
Yannick Semedo,Cabo Verde,MID,6.07
Kevin Pina,Cabo Verde,MID,88.74
Steven Moreira,Cabo Verde,DEF,89.25
Wagner Pina,Cabo Verde,DEF,17.18
Pico,Cabo Verde,DEF,90.0
Kelvin Pires,Cabo Verde,DEF,6.07
Sidny Cabral,Cabo Verde,DEF,13.29
Diney,Cabo Verde,DEF,88.57
Ryan Mendes,Cabo Verde,FWD,74.0
Jovane Cabral,Cabo Verde,FWD,26.43
Dailon Livramento,Cabo Verde,FWD,70.69
Nuno da Costa,Cabo Verde,FWD,7.74
Garry Rodrigues,Cabo Verde,FWD,21.62
Willy Semedo,Cabo Verde,FWD,32.91
Vozinha,Cabo Verde,GK,90.0
CJ dos Santos,Cabo Verde,GK,6.07
Márcio da Rosa,Cabo Verde,GK,6.07
Telmo Arcanjo,Cabo Verde,MID,23.78
Deroy Duarte,Cabo Verde,MID,22.23
Laros Duarte,Cabo Verde,MID,10.02
Richie Laryea,Canada,DEF,72.02
Derek Cornelius,Canada,DEF,73.59
Joel Waterman,Canada,DEF,13.47
Luc De Fougerolles,Canada,DEF,17.32
Jonathan David,Canada,FWD,74.62
Cyle Larin,Canada,FWD,61.0
Tajon Buchanan,Canada,FWD,64.18
Liam Millar,Canada,FWD,10.52
Tani Oluwaseyi,Canada,FWD,20.6
Maxime Crépeau,Canada,GK,9.87
Dayne St. Clair,Canada,GK,80.13
Owen Goodman,Canada,GK,0.0
Ali Ahmed,Canada,MID,64.97
Niko Sigur,Canada,MID,20.08
Nathan Saliba,Canada,MID,12.59
Mathieu Choinière,Canada,MID,23.22
Jonathan Osorio,Canada,MID,14.26
Marcelo Flores,Canada,MID,0.0
Ismaël Koné,Canada,MID,68.16
Kevin Castaño,Colombia,MID,25.48
Richard Ríos,Colombia,MID,69.1
Daniel Muñoz,Colombia,DEF,84.96
Jhon Lucumí,Colombia,DEF,84.67
Dávinson Sánchez,Colombia,DEF,85.28
Déiver Machado,Colombia,DEF,18.13
Johan Mojica,Colombia,DEF,84.65
Santiago Arias,Colombia,DEF,19.1
Luis Díaz,Colombia,MID,83.92
Jhon Córdoba,Colombia,FWD,60.85
Luis Suárez,Colombia,FWD,0.18
Andrés Gómez,Colombia,FWD,0.6
Camilo Vargas,Colombia,GK,87.27
David Ospina,Colombia,GK,0.18
Álvaro Montero,Colombia,GK,3.09
Jefferson Lerma,Colombia,MID,77.95
Gustavo Puerta,Colombia,MID,0.18
Juan Fernando Quintero,Colombia,MID,8.81
Jaminton Campaz,Colombia,MID,6.65
Jhon Arias,Colombia,MID,70.4
James Rodríguez,Colombia,MID,71.16
Jorge Carrascal,Colombia,MID,10.49
Aaron Wan-Bissaka,Congo DR,DEF,86.63
Arthur Masuaku,Congo DR,DEF,83.52
Chancel Mbemba,Congo DR,DEF,88.85
Axel Tuanzebe,Congo DR,DEF,88.08
Joris Kayembe,Congo DR,DEF,66.83
Dylan Batubinsika,Congo DR,DEF,12.48
Steve Kapuadi,Congo DR,DEF,0.07
Yoane Wissa,Congo DR,FWD,19.38
Simon Banza,Congo DR,FWD,5.14
Cédric Bakambu,Congo DR,FWD,66.73
Meschack Elia,Congo DR,FWD,62.26
Fiston Mayele,Congo DR,FWD,11.98
Nathanaël Mbuku,Congo DR,FWD,17.79
Brian Cipenga,Congo DR,FWD,3.4
Lionel Mpasi,Congo DR,GK,88.26
Matthieu Epolo,Congo DR,GK,0.07
Timothy Fayulu,Congo DR,GK,0.13
Ngal'ayel Mukau,Congo DR,MID,12.49
Samuel Moutoussamy,Congo DR,MID,88.26
Noah Sadiki,Congo DR,MID,19.35
Charles Pickel,Congo DR,MID,58.04
Edo Kayembe,Congo DR,MID,60.95
Théo Bongonda,Congo DR,MID,20.57
Christ Inao Oulaï,Côte d'Ivoire,MID,10.65
Evan Ndicka,Côte d'Ivoire,DEF,84.93
Wilfried Singo,Côte d'Ivoire,DEF,69.73
Ousmane Diomande,Côte d'Ivoire,DEF,71.45
Odilon Kossounou,Côte d'Ivoire,DEF,28.43
Guéla Doué,Côte d'Ivoire,DEF,26.37
Emmanuel Agbadou,Côte d'Ivoire,DEF,19.8
Ghislain Konan,Côte d'Ivoire,DEF,83.75
Yan Diomande,Côte d'Ivoire,FWD,72.35
Nicolas Pépé,Côte d'Ivoire,FWD,11.24
Elye Wahi,Côte d'Ivoire,FWD,0.0
Amad Diallo,Côte d'Ivoire,FWD,73.54
Simon Adingra,Côte d'Ivoire,FWD,26.4
Evann Guessand,Côte d'Ivoire,FWD,59.85
Bazoumana Touré,Côte d'Ivoire,FWD,6.37
Alban Lafont,Côte d'Ivoire,GK,4.46
Yahia Fofana,Côte d'Ivoire,GK,85.54
Mohamed Koné,Côte d'Ivoire,GK,0.0
Parfait Guiagon,Côte d'Ivoire,MID,1.31
Jean Michaël Seri,Côte d'Ivoire,MID,12.54
Ibrahim Sangaré,Côte d'Ivoire,MID,71.42
Franck Kessie,Côte d'Ivoire,MID,77.85
Seko Fofana,Côte d'Ivoire,MID,63.1
Petar Sucic,Croatia,MID,33.76
Josip Stanisic,Croatia,DEF,79.92
Josip Sutalo,Croatia,DEF,84.21
Duje Caleta-Car,Croatia,DEF,81.54
Marin Pongracic,Croatia,DEF,19.34
Martin Erlic,Croatia,DEF,6.78
Luka Vuskovic,Croatia,DEF,4.36
Ante Budimir,Croatia,FWD,54.05
Andrej Kramaric,Croatia,FWD,70.12
Ivan Perisic,Croatia,FWD,64.1
Marco Pasalic,Croatia,FWD,10.3
Petar Musa,Croatia,FWD,4.87
Igor Matanovic,Croatia,FWD,12.9
Dominik Livakovic,Croatia,GK,86.49
Ivor Pandur,Croatia,GK,0.0
Luka Sucic,Croatia,MID,15.99
Toni Fruk,Croatia,MID,11.7
Nikola Moro,Croatia,MID,8.88
Kristijan Jakic,Croatia,MID,24.54
Nikola Vlasic,Croatia,MID,6.73
Luka Modric,Croatia,MID,68.12
Mario Pasalic,Croatia,MID,59.4
Martin Baturina,Croatia,MID,22.52
Tahith Chong,Curaçao,MID,5.57
Godfried Roemeratoe,Curaçao,MID,14.44
Leandro Bacuna,Curaçao,DEF,82.2
Riechedly Bazoer,Curaçao,DEF,6.82
Joshua Brenet,Curaçao,DEF,78.31
Shurandy Sambo,Curaçao,DEF,83.35
Sherel Floranus,Curaçao,DEF,84.76
Roshon van Eijma,Curaçao,DEF,78.54
Ar'Jany Martha,Curaçao,DEF,2.54
Juriën Gaari,Curaçao,DEF,74.68
Livano Comenencia,Curaçao,DEF,72.1
Tyrese Noslin,Curaçao,DEF,3.19
Brandley Kuwas,Curaçao,FWD,3.44
Sontje Hansen,Curaçao,FWD,10.17
Kenji Gorré,Curaçao,FWD,77.16
Jearl Margaritha,Curaçao,FWD,68.72
Gervane Kastaneer,Curaçao,FWD,13.65
Jeremy Antonisse,Curaçao,FWD,18.04
Eloy Room,Curaçao,GK,85.78
Trevor Doornbusch,Curaçao,GK,0.17
Tyrick Bodak,Curaçao,GK,0.17
Kevin Felida,Curaçao,MID,3.66
Juninho Bacuna,Curaçao,MID,81.14
Denis Visinsky,Czechia,MID,0.0
Ladislav Krejcí,Czechia,DEF,89.15
Tomás Holes,Czechia,DEF,19.42
David Jurásek,Czechia,DEF,8.7
Robin Hranác,Czechia,DEF,84.38
Jaroslav Zeleny,Czechia,DEF,80.94
Vladimír Coufal,Czechia,DEF,86.7
Stepán Chaloupek,Czechia,DEF,74.12
Patrik Schick,Czechia,FWD,75.48
Tomás Chory,Czechia,FWD,19.38
Mojmír Chytil,Czechia,FWD,5.33
Matej Kovár,Czechia,GK,87.75
Lukás Hornícek,Czechia,GK,0.0
Lukás Cerv,Czechia,MID,23.69
Vladimír Darida,Czechia,MID,68.43
Tomás Soucek,Czechia,MID,85.85
Michal Sadílek,Czechia,MID,5.97
Lukás Provod,Czechia,MID,71.79
Pavel Sulc,Czechia,MID,79.54
Denil Castillo,Ecuador,MID,0.03
Jordy Alcívar,Ecuador,MID,3.45
Pervis Estupiñán,Ecuador,DEF,82.94
Ángelo Preciado,Ecuador,DEF,28.04
Joel Ordóñez,Ecuador,DEF,82.0
Félix Torres,Ecuador,DEF,34.85
Jackson Porozo,Ecuador,DEF,0.0
Yaimar Medina,Ecuador,DEF,0.23
Enner Valencia,Ecuador,FWD,71.02
Gonzalo Plata,Ecuador,FWD,72.0
John Yeboah,Ecuador,MID,51.19
Kevin Rodríguez,Ecuador,FWD,18.85
Alan Minda,Ecuador,FWD,9.93
Jordy Caicedo,Ecuador,FWD,1.88
Anthony Valencia,Ecuador,MID,0.0
Jeremy Arévalo,Ecuador,FWD,0.0
Hernán Galíndez,Ecuador,GK,85.59
Moisés Ramírez,Ecuador,GK,2.21
Gonzalo Valle,Ecuador,GK,2.21
Kendry Páez,Ecuador,MID,22.63
Alan Franco,Ecuador,MID,80.2
Pedro Vite,Ecuador,MID,76.43
Moisés Caicedo,Ecuador,MID,84.96
Marwan Attia,Egypt,MID,80.34
Zizo,Egypt,MID,65.44
Hamdi Fathy,Egypt,MID,74.75
Emam Ashour,Egypt,MID,67.76
Mahmoud Saber,Egypt,MID,7.6
Mohamed Abdelmonem,Egypt,DEF,79.95
Ahmed Fatouh,Egypt,DEF,21.51
Mohamed Hany,Egypt,DEF,83.37
Ramy Rabia,Egypt,DEF,87.16
Hossam Abdelmaguid,Egypt,DEF,17.9
Tarek Alaa,Egypt,DEF,0.85
Yasser Ibrahim,Egypt,DEF,31.56
Omar Marmoush,Egypt,FWD,69.15
Trezeguet,Egypt,FWD,73.67
Haissem Hassan,Egypt,FWD,0.85
Mohamed El Shenawy,Egypt,GK,86.05
El Mahdy Soliman,Egypt,GK,0.85
Mostafa Shobeir,Egypt,GK,5.65
Mohamed Alaa,Egypt,GK,0.85
Mohanad Lasheen,Egypt,MID,18.76
Ibrahim Adel,Egypt,MID,24.73
Nico O'Reilly,England,DEF,79.29
Tino Livramento,England,DEF,6.96
Marc Guéhi,England,DEF,81.01
Dan Burn,England,DEF,15.11
Ezri Konsa,England,DEF,26.84
John Stones,England,DEF,80.8
Djed Spence,England,DEF,4.49
Harry Kane,England,FWD,79.8
Bukayo Saka,England,MID,74.45
Marcus Rashford,England,MID,59.58
Anthony Gordon,England,MID,16.95
Morgan Rogers,England,MID,18.16
Noni Madueke,England,FWD,16.46
Jordan Pickford,England,GK,87.63
Dean Henderson,England,GK,2.37
James Trafford,England,GK,0.0
Jordan Henderson,England,MID,6.04
Kobbie Mainoo,England,MID,9.43
Elliot Anderson,England,MID,74.5
Declan Rice,England,MID,76.16
Jude Bellingham,England,MID,80.26
Theo Hernández,France,DEF,87.34
Maxence Lacroix,France,DEF,0.07
Dayot Upamecano,France,DEF,85.61
Ibrahima Konaté,France,DEF,18.02
Lucas Hernández,France,DEF,4.47
Lucas Digne,France,DEF,15.54
Malo Gusto,France,DEF,7.83
Kylian Mbappé,France,FWD,83.63
Ousmane Dembélé,France,MID,72.22
Marcus Thuram,France,FWD,10.14
Désiré Doué,France,MID,63.94
Mike Maignan,France,GK,88.12
Brice Samba,France,GK,0.07
N'Golo Kanté,France,MID,13.91
Adrien Rabiot,France,MID,65.26
Warren Zaïre-Emery,France,MID,4.63
Manu Koné,France,MID,19.13
Maghnes Akliouche,France,MID,3.59
Aurélien Tchouaméni,France,MID,82.88
Rayan Cherki,France,MID,4.39
Michael Olise,France,MID,69.35
Lennart Karl,Germany,MID,0.0
Angelo Stiller,Germany,MID,9.28
Antonio Rüdiger,Germany,DEF,36.49
David Raum,Germany,DEF,72.67
Malick Thiaw,Germany,DEF,1.99
Jonathan Tah,Germany,DEF,78.17
Nathaniel Brown,Germany,DEF,1.43
Nico Schlotterbeck,Germany,DEF,73.09
Waldemar Anton,Germany,DEF,16.97
Kai Havertz,Germany,FWD,75.61
Leroy Sané,Germany,MID,66.73
Deniz Undav,Germany,FWD,6.35
Nick Woltemade,Germany,FWD,28.15
Alexander Nübel,Germany,GK,1.87
Oliver Baumann,Germany,GK,84.57
Pascal Groß,Germany,MID,21.9
Leon Goretzka,Germany,MID,74.43
Joshua Kimmich,Germany,DEF,83.28
Florian Wirtz,Germany,MID,75.75
Benjamin Asare,Ghana,GK,85.48
Woodensky Pierre,Haiti,MID,0.0
Leverton Pierre,Haiti,MID,71.62
Jean-Ricner Bellegarde,Haiti,MID,43.21
Carl Sainté,Haiti,MID,10.22
Danley Jean Jacques,Haiti,MID,81.93
Jean-Kévin Duverne,Haiti,DEF,81.69
Carlens Arcus,Haiti,DEF,80.51
Hannes Delcroix,Haiti,DEF,18.55
Ricardo Adé,Haiti,DEF,85.56
Martin Expérience,Haiti,DEF,33.48
Wilguens Paugain,Haiti,DEF,5.1
Duke Lacroix,Haiti,DEF,84.23
Wilson Isidor,Haiti,FWD,0.0
Duckens Nazon,Haiti,FWD,64.33
Frantzdy Pierrot,Haiti,FWD,76.2
Derrick Etienne,Haiti,FWD,10.88
Louicius Deedson,Haiti,FWD,54.34
Yassin Fortuné,Haiti,FWD,6.43
Josué Casimir,Haiti,FWD,26.39
Ruben Providence,Haiti,FWD,65.26
Johny Placide,Haiti,GK,85.03
Alexandre Pierre,Haiti,GK,2.48
Josué Duverger,Haiti,GK,2.48
Amir Mohammad Razzaghinia,IR Iran,MID,0.06
Hadi Habibinejad,IR Iran,MID,0.06
Mohammad Ghorbani,IR Iran,MID,13.55
Ramin Rezaeian,IR Iran,DEF,14.75
Hossein Kanani,IR Iran,DEF,81.53
Milad Mohammadi,IR Iran,DEF,79.17
Shoja Khalilzadeh,IR Iran,DEF,83.73
Ehsan Hajisafi,IR Iran,DEF,5.01
Saleh Hardani,IR Iran,DEF,69.68
Ali Nemati,IR Iran,DEF,27.53
Aria Yousefi,IR Iran,DEF,15.18
Danial Eiri,IR Iran,DEF,0.06
Mehdi Taremi,IR Iran,FWD,85.26
Alireza Jahanbakhsh,IR Iran,FWD,68.13
Saman Ghoddos,IR Iran,FWD,72.5
Ali Alipour,IR Iran,FWD,2.13
Dennis Dargahi,IR Iran,FWD,0.06
Amirhossein Hosseinzadeh,IR Iran,FWD,5.23
Amirhossein Mahmoudi,IR Iran,FWD,0.06
Alireza Beiranvand,IR Iran,GK,85.89
Payam Niazmand,IR Iran,GK,1.45
Hossein Hosseini,IR Iran,GK,2.84
Mohammad Khalifeh,IR Iran,GK,0.06
Omid Noorafkan,IR Iran,MID,31.67
Mehdi Torabi,IR Iran,MID,12.46
Saeid Ezatolahi,IR Iran,MID,79.28
Mohammad Mohebi,IR Iran,MID,78.63
Mehdi Ghayedi,IR Iran,MID,64.18
Zaid Ismael,Iraq,MID,0.94
Marko Farji,Iraq,MID,13.49
Hasan Abdulkareem,Iraq,MID,3.94
Peter Gwargis,Iraq,MID,4.54
Kevin Yakob,Iraq,MID,5.44
Amir Al Ammari,Iraq,MID,80.16
Aimar Sher,Iraq,MID,13.54
Merchas Doski,Iraq,DEF,87.19
Frans Putros,Iraq,DEF,14.29
Rebin Sulaka,Iraq,DEF,78.13
Maytham Jabbar,Iraq,DEF,0.94
Hussein Ali,Iraq,DEF,73.29
Zaid Tahseen,Iraq,DEF,77.89
Munaf Younus,Iraq,DEF,29.59
Akam Hashim,Iraq,DEF,16.29
Ahmed Maknzi,Iraq,DEF,0.94
Aymen Hussein,Iraq,FWD,75.54
Mohanad Ali,Iraq,FWD,0.94
Ali Jasim,Iraq,FWD,70.5
Ali Al Hamadi,Iraq,FWD,10.64
Youssef Amyn,Iraq,FWD,59.94
Ali Yousif,Iraq,FWD,2.34
Karar Nabeel,Iraq,MID,0.94
Ahmed Basil,Iraq,GK,4.51
Fahad Talib,Iraq,GK,0.94
Kumel Saadi,Iraq,GK,0.94
Zidane Iqbal,Iraq,MID,60.29
Ibrahim Bayesh,Iraq,MID,75.72
Kaishu Sano,Japan,MID,14.26
Yukinari Sugawara,Japan,DEF,22.61
Tsuyoshi Watanabe,Japan,DEF,8.21
Hiroki Ito,Japan,DEF,79.09
Shogo Taniguchi,Japan,DEF,43.34
Ayumu Seko,Japan,DEF,22.68
Junnosuke Suzuki,Japan,DEF,6.48
Junya Ito,Japan,MID,28.73
Daizen Maeda,Japan,MID,21.46
Keito Nakamura,Japan,MID,52.8
Ayase Ueda,Japan,FWD,75.71
Koki Ogawa,Japan,FWD,22.75
Keisuke Goto,Japan,FWD,0.0
Kento Shiogai,Japan,FWD,0.0
Zion Suzuki,Japan,GK,85.0
Keisuke Osako,Japan,GK,5.0
Tomoki Hayakawa,Japan,GK,0.0
Yuito Suzuki,Japan,MID,9.72
Ao Tanaka,Japan,MID,69.29
Daichi Kamada,Japan,MID,60.76
Ritsu Doan,Japan,DEF,64.47
Yousef Qashi,Jordan,MID,0.17
Ibrahim Sadeh,Jordan,MID,22.06
Mohammad Al Daoud,Jordan,MID,0.17
Noor Al Rawabdeh,Jordan,MID,76.58
Nizar Al Rashdan,Jordan,MID,79.27
Yazan Al Arab,Jordan,DEF,86.17
Abdallah Nasib,Jordan,DEF,86.22
Mohannad Abu Taha,Jordan,DEF,65.61
Mohammad Abu Hasheesh,Jordan,DEF,28.42
Husam Abu Al Dahab,Jordan,DEF,14.84
Mohammad Taha,Jordan,DEF,0.17
Ahmad Assaf,Jordan,DEF,0.17
Saleem Obaid,Jordan,DEF,7.91
Mohammad Abu Al Nadi,Jordan,DEF,73.84
Amer Jamous,Jordan,DEF,16.67
Mousa Al Tamari,Jordan,FWD,78.61
Mohammad Abu Zraiq,Jordan,FWD,0.17
Mahmoud Al Mardi,Jordan,FWD,71.59
Ibrahim Sabra,Jordan,FWD,1.77
Ali Azaizeh,Jordan,FWD,0.17
Odeh Fakhoury,Jordan,FWD,0.17
Yazeed  Abulaila,Jordan,GK,84.98
Abdallah Al Fakhouri,Jordan,GK,2.29
Park Jin-Seob,Korea Republic,MID,7.6
Kim Jin-Gyu,Korea Republic,MID,7.54
Kim Min-Jae,Korea Republic,DEF,89.72
Seol Young-Woo,Korea Republic,DEF,79.62
Cho Yu-Min,Korea Republic,DEF,89.37
Kim Moon-Hwan,Korea Republic,DEF,10.41
Lee Han-Beom,Korea Republic,DEF,10.35
Lee Tae-Seok,Korea Republic,DEF,28.04
Kim Tae-Hyeon,Korea Republic,DEF,4.72
Son Heung-Min,Korea Republic,FWD,84.67
Hwang Hee-Chan,Korea Republic,FWD,65.85
Cho Gue-Sung,Korea Republic,FWD,17.66
Oh Hyeon-Gyu,Korea Republic,FWD,48.65
Yang Hyun-Jun,Korea Republic,FWD,6.1
Eom Ji-Sung,Korea Republic,FWD,6.6
Jo Hyeon-Woo,Korea Republic,GK,90.0
Kim Seung-Gyu,Korea Republic,GK,8.89
Song Bum-Keun,Korea Republic,GK,4.72
Paik Seung-Ho,Korea Republic,MID,16.54
Jens Castrop,Korea Republic,MID,4.72
Bae Jun-Ho,Korea Republic,MID,53.72
Lee Kang-In,Korea Republic,MID,80.87
Lee Jae-Sung,Korea Republic,MID,72.82
Obed Vargas,Mexico,MID,3.67
Johan Vásquez,Mexico,DEF,85.12
César Montes,Mexico,DEF,83.36
Jesús Gallardo,Mexico,DEF,76.61
Jorge Sánchez,Mexico,DEF,48.03
Israel Reyes,Mexico,DEF,68.86
Raúl Jiménez,Mexico,FWD,78.36
Julián Quiñones,Mexico,FWD,65.82
Alexis Vega,Mexico,FWD,49.9
Roberto Alvarado,Mexico,FWD,78.65
Guillermo Martínez,Mexico,FWD,3.67
Armando González,Mexico,FWD,3.67
Guillermo Ochoa,Mexico,GK,3.67
Carlos Acevedo,Mexico,GK,3.67
Raúl Rangel,Mexico,GK,3.67
Brian Gutiérrez,Mexico,MID,3.67
Érik Lira,Mexico,MID,74.33
Orbelín Pineda,Mexico,MID,20.36
Álvaro Fidalgo,Mexico,MID,3.67
Samir El Mourabet,Morocco,MID,0.07
Anass Salah-Eddine,Morocco,DEF,10.9
Ayoub El Kaabi,Morocco,FWD,58.02
Gessime Yassine,Morocco,FWD,0.07
Ismael Saibari,Morocco,MID,49.24
Denzel Dumfries,Netherlands,DEF,83.86
Virgil van Dijk,Netherlands,DEF,86.91
Micky van de Ven,Netherlands,DEF,66.04
Nathan Aké,Netherlands,DEF,31.31
Jan Paul van Hecke,Netherlands,DEF,67.25
Jorrel Hato,Netherlands,DEF,11.5
Cody Gakpo,Netherlands,FWD,77.87
Donyell Malen,Netherlands,FWD,56.93
Noa Lang,Netherlands,FWD,8.61
Brian Brobbey,Netherlands,FWD,10.52
Wout Weghorst,Netherlands,FWD,18.84
Bart Verbruggen,Netherlands,GK,87.14
Mark Flekken,Netherlands,GK,2.86
Ryan Gravenberch,Netherlands,MID,74.73
Teun Koopmeiners,Netherlands,MID,5.69
Tijjani Reijnders,Netherlands,MID,75.28
Quinten Timber,Netherlands,MID,14.2
Callum McCowatt,New Zealand,MID,29.24
Alex Rufer,New Zealand,MID,29.98
Joe Bell,New Zealand,MID,74.89
Ryan Thomas,New Zealand,MID,0.0
Marko Stamenic,New Zealand,MID,79.6
Tyler Bindon,New Zealand,DEF,81.67
Francis de Vries,New Zealand,DEF,22.97
Tim Payne,New Zealand,DEF,76.88
Callan Elliot,New Zealand,DEF,0.0
Finn Surman,New Zealand,DEF,13.43
Kosta Barbarouses,New Zealand,FWD,14.77
Elijah Just,New Zealand,MID,61.3
Ben Waine,New Zealand,FWD,14.77
Ben Old,New Zealand,FWD,10.59
Jesse Randall,New Zealand,FWD,0.0
Lachlan Bayliss,New Zealand,MID,0.0
Max Crocombe,New Zealand,GK,81.67
Alex Paulsen,New Zealand,GK,8.33
Michael Woud,New Zealand,GK,0.0
Sander Berge,Norway,MID,82.83
Oscar Bobb,Norway,MID,14.86
Morten Thorsby,Norway,MID,58.47
Patrick Berg,Norway,MID,29.48
Kristoffer Ajer,Norway,DEF,83.54
Julian Ryerson,Norway,DEF,84.13
Marcus Pedersen,Norway,DEF,13.16
Leo Østigård,Norway,DEF,21.83
David Møller Wolfe,Norway,DEF,82.13
Fredrik Bjørkan,Norway,DEF,1.21
Torbjørn Heggem,Norway,DEF,74.65
Henrik Falchener,Norway,DEF,0.0
Erling Haaland,Norway,FWD,84.34
Alexander Sørloth,Norway,FWD,74.74
Andreas Schjelderup,Norway,FWD,10.08
Jørgen Strand Larsen,Norway,FWD,5.22
Ørjan Nyland,Norway,GK,85.25
Egil Selvik,Norway,GK,4.75
Jens Petter Hauge,Norway,MID,3.62
Antonio Nusa,Norway,MID,75.34
Kristian Thorstvedt,Norway,MID,10.44
Carlos Harvey,Panama,MID,72.01
Cristian Martínez,Panama,MID,66.02
Yoel Bárcenas,Panama,MID,20.05
José Luis Rodríguez,Panama,MID,65.72
Aníbal Godoy,Panama,MID,71.96
Amir Murillo,Panama,DEF,81.67
José Córdoba,Panama,DEF,18.69
Éric Davis,Panama,DEF,68.42
César Blackman,Panama,DEF,15.29
Andrés Andrade,Panama,DEF,84.63
Roderick Miller,Panama,DEF,5.44
Jiovany Ramos,Panama,DEF,5.18
Jorge Gutiérrez,Panama,DEF,15.72
Ismael Díaz,Panama,FWD,71.27
José Fajardo,Panama,FWD,18.93
Cecilio Waterman,Panama,FWD,11.18
César Yanis,Panama,FWD,9.02
Luis Mejía,Panama,GK,4.75
Orlando Mosquera,Panama,GK,85.25
César Samudio,Panama,GK,0.0
Adalberto Carrasquilla,Panama,MID,79.39
Maurício Magalhães Prado,Paraguay,MID,1.67
Alejandro Romero,Paraguay,MID,1.67
Matías Galarza,Paraguay,MID,10.38
Lucas Romero,Paraguay,MID,1.67
Braian Ojeda,Paraguay,MID,2.58
Gustavo Gómez,Paraguay,DEF,87.92
Júnior Alonso,Paraguay,DEF,86.08
Omar Alderete,Paraguay,DEF,85.48
Fabián Balbuena,Paraguay,DEF,81.74
Alan Benítez,Paraguay,DEF,1.67
Gustavo Velázquez,Paraguay,DEF,13.15
Juan José Cáceres,Paraguay,DEF,78.08
José Canale,Paraguay,DEF,1.67
Miguel Almirón,Paraguay,MID,82.84
Antonio Sanabria,Paraguay,FWD,18.02
Ramón Sosa,Paraguay,FWD,56.76
Álex Arce,Paraguay,FWD,8.14
Gabriel Ávalos,Paraguay,FWD,11.7
Gustavo Caballero,Paraguay,FWD,1.67
Alexandro Maidana,Paraguay,FWD,1.67
Roberto Fernández,Paraguay,GK,1.67
Gastón Olveira,Paraguay,GK,1.67
Orlando Gill,Paraguay,GK,1.67
Damián Bobadilla,Paraguay,MID,16.49
Julio Enciso,Paraguay,MID,80.01
Diego Gómez,Paraguay,MID,71.23
Samú Costa,Portugal,MID,0.31
Nuno Mendes,Portugal,DEF,87.19
João Cancelo,Portugal,DEF,77.13
Diogo Dalot,Portugal,DEF,15.93
Gonçalo Inácio,Portugal,DEF,70.06
Renato Veiga,Portugal,DEF,16.21
Tomás Araújo,Portugal,DEF,1.29
Gonçalo Ramos,Portugal,FWD,6.44
João Félix,Portugal,FWD,9.84
Pedro Neto,Portugal,MID,20.1
Trincão,Portugal,FWD,6.51
Gonçalo Guedes,Portugal,FWD,0.0
Francisco Conceição,Portugal,MID,9.58
Rui Silva,Portugal,GK,0.0
José Sá,Portugal,GK,0.15
Ricardo Velho,Portugal,GK,0.0
Rúben Neves,Portugal,MID,19.22
Matheus Nunes,Portugal,MID,0.8
Vitinha,Portugal,MID,80.24
João Neves,Portugal,MID,68.56
Bruno Fernandes,Portugal,MID,85.32
Mohammad Al Mannai,Qatar,MID,13.48
Ayoub Al Oui,Qatar,MID,2.23
Ahmed Fathy,Qatar,MID,75.56
Karim Boudiaf,Qatar,MID,18.16
Assim Madibo,Qatar,MID,23.6
Mohammed Waad,Qatar,MID,24.85
Pedro Miguel,Qatar,DEF,2.23
Bassam Al Rawi,Qatar,DEF,14.54
Lucas Mendes,Qatar,DEF,77.56
Boualem Khoukhi,Qatar,DEF,79.66
Niall Mason,Qatar,DEF,2.23
Hashmi Al Hussain,Qatar,DEF,7.85
Issa Laye,Qatar,DEF,2.23
Akram Afif,Qatar,FWD,85.94
Almoez Ali,Qatar,FWD,79.38
Edmílson Junior,Qatar,FWD,65.16
Hassan Al Haydos,Qatar,FWD,2.23
Yusuf Abdurisag,Qatar,FWD,14.35
Ahmed Al Ganehi,Qatar,FWD,57.16
Mubarak Shanan,Qatar,FWD,2.23
Meshaal Barsham,Qatar,GK,86.89
Salah Zakaria,Qatar,GK,4.26
Shehab Ellethy,Qatar,GK,2.23
Mahmud Abunada,Qatar,GK,5.53
Musab Al Juwayr,Saudi Arabia,MID,64.7
Ziyad Al Johani,Saudi Arabia,MID,21.09
Mohamed Kanno,Saudi Arabia,MID,66.58
Abdullah Al Khaibari,Saudi Arabia,MID,16.39
Aiman Yahya,Saudi Arabia,MID,24.53
Saud Abdulhamid,Saudi Arabia,DEF,73.7
Abdulelah Al Amri,Saudi Arabia,DEF,14.87
Hassan Kadish,Saudi Arabia,DEF,70.58
Ali Majrashi,Saudi Arabia,DEF,16.82
Nawaf Bu Washl,Saudi Arabia,DEF,74.65
Ali Lajami,Saudi Arabia,DEF,79.92
Feras Al Brikan,Saudi Arabia,FWD,74.51
Abdullah Al Hamddan,Saudi Arabia,FWD,9.83
Khalid Al Ghannam,Saudi Arabia,FWD,0.12
Saleh Al Shehri,Saudi Arabia,FWD,23.41
Sultan Mandash,Saudi Arabia,FWD,0.12
Nawaf Al Aqidi,Saudi Arabia,GK,84.68
Ahmed Al Kassar,Saudi Arabia,GK,2.21
Mohammed Al Owais,Saudi Arabia,GK,3.46
John McGinn,Scotland,MID,80.73
Ryan Christie,Scotland,MID,65.75
Kenny McLean,Scotland,MID,33.05
Andy Robertson,Scotland,DEF,85.39
Kieran Tierney,Scotland,DEF,54.33
Nathan Patterson,Scotland,DEF,0.0
Jack Hendry,Scotland,DEF,76.87
John Souttar,Scotland,DEF,39.11
Scott McKenna,Scotland,DEF,31.7
Anthony Ralston,Scotland,DEF,38.18
Dominic Hyam,Scotland,DEF,0.0
Grant Hanley,Scotland,DEF,80.14
Ché Adams,Scotland,FWD,71.06
George Hirst,Scotland,FWD,0.68
Lyndon Dykes,Scotland,FWD,24.43
Findlay Curtis,Scotland,FWD,0.0
Liam Kelly,Scotland,GK,0.0
Angus Gunn,Scotland,GK,83.7
Scott McTominay,Scotland,MID,84.82
Lewis Ferguson,Scotland,MID,27.89
Idrissa Gueye,Senegal,MID,2.91
Pape Matar Sarr,Senegal,MID,25.29
Pathé Ciss,Senegal,MID,7.76
Pape Gueye,Senegal,MID,24.24
Mamadou Sarr,Senegal,DEF,75.74
Moussa Niakhaté,Senegal,DEF,87.91
El Hadji Malick Diouf,Senegal,DEF,84.84
Ismail Jakobs,Senegal,DEF,14.11
Kalidou Koulibaly,Senegal,DEF,39.53
Abdoulaye Seck,Senegal,DEF,17.47
Antoine Mendy,Senegal,DEF,8.6
Nicolas Jackson,Senegal,FWD,66.74
Iliman Ndiaye,Senegal,FWD,77.65
Ismaïla Sarr,Senegal,FWD,25.28
Assane Diao,Senegal,FWD,6.15
Cherif Ndiaye,Senegal,FWD,7.01
Bamba Dieng,Senegal,FWD,2.91
Ibrahim Mbaye,Senegal,FWD,6.75
Édouard Mendy,Senegal,GK,90.0
Yehvann Diouf,Senegal,GK,2.91
Mory Diaw,Senegal,GK,5.77
Krépin Diatta,Senegal,MID,86.92
Lamine Camara,Senegal,MID,58.24
Habib Diarra,Senegal,MID,66.56
Jayden Adams,South Africa,MID,9.75
Teboho Mokoena,South Africa,MID,87.25
Themba Zwane,South Africa,MID,29.28
Thalente Mbatha,South Africa,MID,63.13
Tshepang Moremi,South Africa,MID,14.43
Yaya Sithole,South Africa,MID,77.48
Aubrey Modiba,South Africa,DEF,83.78
Thabang Matuludi,South Africa,DEF,2.25
Khuliso Mudau,South Africa,DEF,87.51
Nkosinathi Sibisi,South Africa,DEF,80.23
Mbekezeli Mbokazi,South Africa,DEF,85.21
Khulumani Ndamane,South Africa,DEF,12.25
Ime Okon,South Africa,DEF,2.25
Samukele Kabini,South Africa,DEF,12.67
Lyle Foster,South Africa,FWD,78.8
Relebohile Mofokeng,South Africa,FWD,19.85
Oswin Appollis,South Africa,FWD,70.18
Evidence Makgopa,South Africa,FWD,16.74
Thapelo Maseko,South Africa,FWD,2.25
Ronwen Williams,South Africa,GK,88.04
Ricardo Goss,South Africa,GK,2.25
Yéremy Pino,Spain,MID,9.63
Álex Baena,Spain,MID,14.26
Martín Zubimendi,Spain,MID,38.59
Pedro Porro,Spain,DEF,28.15
Aymeric Laporte,Spain,DEF,84.31
Alejandro Grimaldo,Spain,DEF,14.24
Marc Cucurella,Spain,DEF,86.93
Pau Cubarsí,Spain,DEF,70.93
Lamine Yamal,Spain,MID,32.49
Ferran Torres,Spain,FWD,57.92
Mikel Oyarzabal,Spain,FWD,64.94
Borja Iglesias,Spain,FWD,3.59
Víctor Muñoz,Spain,FWD,0.0
David Raya,Spain,GK,1.07
Unai Simón,Spain,GK,88.93
Joan García,Spain,GK,0.0
Marcos Llorente,Spain,DEF,65.75
Rodri,Spain,MID,67.53
Dani Olmo,Spain,MID,20.06
Pedri,Spain,MID,60.27
Besfort Zeneli,Sweden,MID,9.35
Elliot Stroud,Sweden,MID,0.0
Taha Ali,Sweden,MID,0.0
Eric Smith,Sweden,MID,0.0
Lucas Bergvall,Sweden,MID,13.41
Yasin Ayari,Sweden,MID,74.15
Jesper Karlström,Sweden,MID,72.68
Mattias Svanberg,Sweden,MID,11.5
Daniel Svensson,Sweden,DEF,65.94
Gabriel Gudmundsson,Sweden,DEF,77.13
Carl Starfelt,Sweden,DEF,72.36
Victor Lindelöf,Sweden,DEF,73.63
Gustaf Lagerbielke,Sweden,DEF,30.53
Viktor Gyökeres,Sweden,FWD,84.42
Anthony Elanga,Sweden,FWD,66.77
Benjamin Nygren,Sweden,FWD,21.11
Gustaf Nilsson,Sweden,FWD,0.56
Kristoffer Nordfeldt,Sweden,GK,79.29
Johan Manzambi,Switzerland,MID,10.34
Granit Xhaka,Switzerland,MID,84.16
Michel Aebischer,Switzerland,MID,34.89
Remo Freuler,Switzerland,MID,84.98
Ardon Jashari,Switzerland,MID,0.01
Fabian Rieder,Switzerland,MID,33.97
Manuel Akanji,Switzerland,DEF,86.33
Ricardo Rodríguez,Switzerland,DEF,77.93
Nico Elvedi,Switzerland,DEF,82.2
Silvan Widmer,Switzerland,DEF,72.98
Miro Muheim,Switzerland,DEF,8.46
Eray Cömert,Switzerland,DEF,6.79
Aurèle Amenda,Switzerland,DEF,3.4
Luca Jaquez,Switzerland,DEF,0.92
Breel Embolo,Switzerland,FWD,75.41
Noah Okafor,Switzerland,FWD,3.14
Dan Ndoye,Switzerland,FWD,82.39
Gregor Kobel,Switzerland,GK,84.84
Yvon Mvogo,Switzerland,GK,4.97
Marvin Keller,Switzerland,GK,0.01
Djibril Sow,Switzerland,MID,10.88
Denis Zakaria,Switzerland,MID,53.54
Rubén Vargas,Switzerland,MID,70.76
Ellyes Skhiri,Tunisia,MID,86.19
Rani Khedira,Tunisia,MID,3.36
Hadj Mahmoud,Tunisia,MID,10.83
Mortadha Ben Ouanes,Tunisia,MID,20.31
Anis Ben Slimane,Tunisia,MID,13.75
Moutaz Neffati,Tunisia,DEF,4.14
Ali Abdi,Tunisia,DEF,89.82
Omar Rekik,Tunisia,DEF,3.36
Adem Arous,Tunisia,DEF,3.36
Mohamed Amine Ben Hmida,Tunisia,DEF,3.36
Raed Chikhaoui,Tunisia,DEF,3.36
Ismaël Gharbi,Tunisia,FWD,60.88
Elias Saad,Tunisia,FWD,63.0
Firas Chaouat,Tunisia,FWD,17.98
Sebastian Tounekti,Tunisia,FWD,12.36
Hazem Mastouri,Tunisia,FWD,72.56
Rayan Elloumi,Tunisia,FWD,3.36
Khalil Ayari,Tunisia,FWD,3.36
Abdelmouhib Chamakh,Tunisia,GK,3.36
Aymen Dahmen,Tunisia,GK,89.45
Sabri Ben Hessen,Tunisia,GK,3.36
Ismail Yüksek,Türkiye,MID,71.99
Salih Özcan,Türkiye,MID,8.58
Atakan Karazor,Türkiye,MID,0.92
Irfan Can Kahveci,Türkiye,MID,9.3
Orkun Kökçü,Türkiye,MID,32.6
Kaan Ayhan,Türkiye,DEF,13.29
Zeki Çelik,Türkiye,DEF,63.48
Ferdi Kadioglu,Türkiye,DEF,69.3
Samet Akaydin,Türkiye,DEF,17.39
Mert Müldür,Türkiye,DEF,32.56
Ozan Kabak,Türkiye,DEF,3.66
Eren Elmali,Türkiye,DEF,16.33
Abdülkerim Bardakci,Türkiye,DEF,85.71
Merih Demiral,Türkiye,DEF,77.21
Mustafa Eskihellaç,Türkiye,DEF,0.52
Ahmetcan Kaplan,Türkiye,DEF,0.0
Kenan Yildiz,Türkiye,MID,74.07
Kerem Aktürkoglu,Türkiye,FWD,69.51
Baris Alper Yilmaz,Türkiye,FWD,61.95
Oguz Aydin,Türkiye,FWD,10.58
Yunus Akgün,Türkiye,FWD,15.2
Deniz Gül,Türkiye,FWD,3.1
Ugurcan Çakir,Türkiye,GK,84.4
Altay Bayindir,Türkiye,GK,1.33
Mert Günok,Türkiye,GK,4.26
Muhammed Sengezer,Türkiye,GK,0.0
Arda Güler,Türkiye,MID,79.13
Hakan Çalhanoglu,Türkiye,MID,75.22
Juan Manuel Sanabria,Uruguay,MID,0.0
Emiliano Martínez,Uruguay,MID,2.68
Facundo Pellistri,Uruguay,MID,36.48
Maxi Araújo,Uruguay,MID,76.87
Manuel Ugarte,Uruguay,MID,78.6
Nicolás de la Cruz,Uruguay,MID,72.13
Ronald Araujo,Uruguay,DEF,81.57
José María Giménez,Uruguay,DEF,78.24
Matías Viña,Uruguay,DEF,15.46
Mathías Olivera,Uruguay,DEF,74.21
Guillermo Varela,Uruguay,DEF,64.0
Sebastián Cáceres,Uruguay,DEF,27.46
Santiago Bueno,Uruguay,DEF,8.28
Darwin Núñez,Uruguay,FWD,75.24
Federico Viñas,Uruguay,FWD,2.39
Brian Rodríguez,Uruguay,FWD,11.69
Rodrigo Aguirre,Uruguay,FWD,11.3
Agustín Canobbio,Uruguay,FWD,53.12
Sergio Rochet,Uruguay,GK,86.59
Fernando Muslera,Uruguay,GK,0.0
Santiago Mele,Uruguay,GK,3.41
Giorgian de Arrascaeta,Uruguay,MID,14.29
Federico Valverde,Uruguay,MID,83.72
Cristian Roldan,USA,MID,0.0
Sebastian Berhalter,USA,MID,38.81
Brenden Aaronson,USA,MID,12.3
Malik Tillman,USA,MID,77.73
Weston McKennie,USA,MID,77.46
Giovanni Reyna,USA,MID,12.32
Antonee Robinson,USA,DEF,78.46
Chris Richards,USA,DEF,82.73
Joe Scally,USA,DEF,15.9
Tim Ream,USA,DEF,82.66
Mark McKenzie,USA,DEF,1.47
Auston Trusty,USA,DEF,0.0
Alexander Freeman,USA,DEF,81.62
Timothy Weah,USA,MID,71.0
Ricardo Pepi,USA,FWD,5.85
Folarin Balogun,USA,FWD,71.15
Max Arfsten,USA,FWD,37.26
Matt Turner,USA,GK,8.15
Matt Freese,USA,GK,81.85
Chris Brady,USA,GK,0.0
Christian Pulisic,USA,MID,78.46
Abdulla Abdullaev,Uzbekistan,MID,19.95
Sherzod Esanov,Uzbekistan,MID,2.89
Jasurbek Jaloliddinov,Uzbekistan,MID,2.89
Ruslanbek Jiyanov,Uzbekistan,MID,5.26
Akmal Mozgovoy,Uzbekistan,MID,14.64
Otabek Shukurov,Uzbekistan,MID,83.41
Umarali Rakhmonaliev,Uzbekistan,MID,2.89
Dostonbek Khamdamov,Uzbekistan,MID,2.89
Aziz G'aniev,Uzbekistan,MID,2.95
Odiljon Hamrobekov,Uzbekistan,MID,88.41
Oston Urunov,Uzbekistan,MID,36.58
Jamshid Iskanderov,Uzbekistan,MID,7.89
Jaloliddin Masharipov,Uzbekistan,MID,81.57
Abbosbek Fayzullaev,Uzbekistan,MID,2.89
Abdukodir Khusanov,Uzbekistan,DEF,81.73
Rustam Ashurmatov,Uzbekistan,DEF,79.77
Sherzod Nasrullaev,Uzbekistan,DEF,77.95
Farrukh Sayfiev,Uzbekistan,DEF,73.2
Khojiakbar Alijonov,Uzbekistan,DEF,78.3
Umar Eshmurodov,Uzbekistan,DEF,45.14
Avazbek O'lmasaliev,Uzbekistan,DEF,2.89
Bekhruz Karimov,Uzbekistan,DEF,2.89
Jakhongir Urozov,Uzbekistan,DEF,2.89
Eldor Shomurodov,Uzbekistan,FWD,81.34
Igor Sergeev,Uzbekistan,FWD,5.7
Sherzod Temirov,Uzbekistan,FWD,2.89
Azizbek Amanov,Uzbekistan,FWD,5.14
Abduvokhid Ne'matov,Uzbekistan,GK,2.89
Utkir Yusupov,Uzbekistan,GK,89.32
Botirali Ergashev,Uzbekistan,GK,2.89
Lisandro Martínez,Argentina,DEF,12.97
Facundo Medina,Argentina,DEF,3.48
Gonzalo Montiel,Argentina,DEF,13.18
Leonardo Balerdi,Argentina,DEF,10.9
Giovani Lo Celso,Argentina,MID,10.8
Lautaro Martínez,Argentina,FWD,55.69
Dennis Hadzikadunic,Bosnia and Herzegovina,DEF,4.41
Ermin Mahmic,Bosnia and Herzegovina,MID,0.0
Weverton,Brazil,GK,2.14
Alex Sandro,Brazil,DEF,79.0
Wesley,Brazil,DEF,73.02
Bruno Guimarães,Brazil,MID,79.39
Raphinha,Brazil,MID,79.92
Neymar,Brazil,MID,17.79
Yerry Mina,Colombia,DEF,21.07
Willer Ditta,Colombia,DEF,4.17
Juan Portilla,Colombia,MID,8.33
Cucho Hernández,Colombia,FWD,3.29
Jindrich Stanek,Czechia,GK,2.25
David Zima,Czechia,DEF,6.5
Alexandr Sojka,Czechia,MID,0.0
David Doudera,Czechia,MID,5.82
Hugo Sochurek,Czechia,MID,0.0
Jan Kuchta,Czechia,FWD,2.28
Adam Hlozek,Czechia,FWD,6.52
Robin Risser,France,GK,0.07
William Saliba,France,DEF,87.62
Jules Koundé,France,DEF,82.68
Bradley Barcola,France,MID,14.71
Jean-Philippe Mateta,France,FWD,4.78
Paul Reverson,Ghana,GK,2.3
Solomon Agbasi,Ghana,GK,2.3
Augustine Boakye,Ghana,MID,2.3
Ko Itakura,Japan,DEF,79.12
Takehiro Tomiyasu,Japan,DEF,77.14
Yuto Nagatomo,Japan,DEF,0.0
Wataru Endo,Japan,MID,77.12
Takefusa Kubo,Japan,MID,64.25
Mateo Chávez,Mexico,DEF,20.14
César Huerta,Mexico,MID,15.97
Edson Álvarez,Mexico,MID,82.79
Gilberto Mora,Mexico,MID,25.18
Luis Chávez,Mexico,MID,32.02
Luis Romo,Mexico,MID,19.93
Santiago Giménez,Mexico,FWD,35.25
Michael Boxall,New Zealand,DEF,80.62
Liberato Cacace,New Zealand,DEF,71.9
Nando Pijnaker,New Zealand,DEF,26.85
Tommy Smith,New Zealand,DEF,0.0
Matthew Garbett,New Zealand,FWD,73.0
Chris Wood,New Zealand,FWD,70.1
Sarpreet Singh,New Zealand,MID,67.44
Juan Espínola,Paraguay,GK,1.67
Carlos Coronel,Paraguay,GK,1.67
Santiago Rojas,Paraguay,GK,1.67
Blás Riveros,Paraguay,DEF,4.01
Alcides Benítez,Paraguay,DEF,1.67
Agustín Sández,Paraguay,DEF,7.09
Alan Núñez,Paraguay,DEF,1.67
Saúl Salcedo,Paraguay,DEF,1.67
Diego León,Paraguay,DEF,1.67
Tarek Salman,Qatar,DEF,72.98
Rayyan Al Ali,Qatar,DEF,2.23
Homam El Amin,Qatar,DEF,2.23
Sultan Al Brake,Qatar,DEF,13.16
Abdulaziz Hatem,Qatar,MID,61.94
Jassem Gaber,Qatar,MID,65.69
Ahmed Alaa,Qatar,FWD,2.23
Mohammed Muntari,Qatar,FWD,11.48
Sebastián Soria,Qatar,FWD,4.1
Tahsin Jamshid,Qatar,FWD,2.23
Viktor Johansson,Sweden,GK,9.41
Jacob Widell Zetterström,Sweden,GK,1.31
Hjalmar Ekdal,Sweden,DEF,10.36
Isak Hien,Sweden,DEF,81.1
Ken Sema,Sweden,MID,32.73
Alexander Isak,Sweden,FWD,71.75
Alexander Bernhardsson,Sweden,FWD,22.85
Thibaut Courtois,Belgium,GK,81.74
Mike Penders,Belgium,GK,0.08
Hans Vanaken,Belgium,MID,22.77
Matias Fernandez-Pardo,Belgium,FWD,0.08
Leandro Trossard,Belgium,MID,37.21
Diego Moreira,Belgium,MID,1.58
Stopira,Cabo Verde,DEF,6.38
Logan Costa,Cabo Verde,DEF,89.25
Jamiro Monteiro,Cabo Verde,MID,71.34
Hélio Varela,Cabo Verde,MID,18.41
Gilson Benchimol,Cabo Verde,MID,6.07
Oumar Diakité,Côte d'Ivoire,FWD,20.15
Ange-Yoan Bonny,Côte d'Ivoire,FWD,0.0
Dominik Kotarski,Croatia,GK,3.51
Josko Gvardiol,Croatia,DEF,80.11
Mateo Kovacic,Croatia,MID,75.75
Keeto Thermoncy,Haiti,DEF,0.08
Dominique Simon,Haiti,MID,0.0
Lenny Joseph,Haiti,FWD,0.0
Nour Bani Ateyah,Jordan,GK,0.17
Ahmad Al Juaidi,Jordan,GK,0.17
Ehsan Haddad,Jordan,DEF,84.39
Saed Al Rosan,Jordan,DEF,5.38
Anas Badawi,Jordan,DEF,0.17
Raja'ei Ayed,Jordan,MID,17.3
Ali Olwan,Jordan,FWD,84.39
Lee Gi-Hyuk,Korea Republic,DEF,4.72
Hwang In-Beom,Korea Republic,MID,87.67
Lee Dong-Gyeong,Korea Republic,MID,7.85
Montassar Talbi,Tunisia,DEF,90.0
Dylan Bronn,Tunisia,DEF,83.18
Yan Valery,Tunisia,DEF,88.19
Elias Achouri,Tunisia,MID,77.47
Hannibal Mejbri,Tunisia,MID,79.35
Gédéon Kalulu,Congo DR,DEF,14.03
Gaël Kakuta,Congo DR,MID,11.53
Armando Obispo,Curaçao,DEF,16.08
Deveron Fonville,Curaçao,DEF,0.17
Jürgen Locadia,Curaçao,FWD,25.14
Roozbeh Cheshmi,IR Iran,MID,9.8
Kasra Taheri,IR Iran,FWD,0.06
Jalal Hassan,Iraq,GK,87.37
Mustafa Saadoon,Iraq,DEF,13.24
Ahmed Yahya,Iraq,DEF,22.69
Dario Naamo,Iraq,DEF,0.94
Jussef Nasrawe,Iraq,MID,0.94
Ahmed Qasem,Iraq,MID,0.94
Diogo Costa,Portugal,GK,89.85
Rúben Dias,Portugal,DEF,88.87
Nélson Semedo,Portugal,DEF,17.32
Bernardo Silva,Portugal,MID,77.6
Cristiano Ronaldo,Portugal,FWD,79.51
Rafael Leão,Portugal,MID,61.98
Fahad Younis,Qatar,GK,2.23
Craig Gordon,Scotland,GK,6.3
Aaron Hickey,Scotland,DEF,66.4
Ben Gannon-Doak,Scotland,MID,34.51
Ross Stewart,Scotland,FWD,0.0
Lawrence Shankland,Scotland,FWD,4.96
Christian Fassnacht,Switzerland,MID,0.44
Zeki Amdouni,Switzerland,FWD,15.97
Cedric Itten,Switzerland,FWD,0.33
Ersin Destanoglu,Türkiye,GK,0.0
Yusuf Akçiçek,Türkiye,DEF,0.32
Çaglar Söyüncü,Türkiye,DEF,6.15
Aral Simsir,Türkiye,MID,0.0
Demir Ege Tiknaz,Türkiye,MID,0.0
Can Uzun,Türkiye,MID,0.88
Yusuf Sari,Türkiye,MID,1.01
Aaron Tshibola,Congo DR,MID,3.17
Karim Hafez,Egypt,DEF,0.85
Nabil Emad Dunga,Egypt,MID,1.06
Mostafa Zico,Egypt,MID,0.85
Hamza Abdelkarim,Egypt,FWD,0.85
Mohamed Salah,Egypt,MID,87.63
Manuel Neuer,Germany,GK,3.56
Nadiem Amiri,Germany,MID,6.43
Jamal Musiala,Germany,MID,75.74
Felix Nmecha,Germany,MID,9.28
Aleksandar Pavlovic,Germany,MID,70.3
Jamie Leweling,Germany,MID,9.16
Maximilian Beier,Germany,FWD,6.79
Ronaldo Dejesús,Paraguay,DEF,1.67
Mateo Gamarra,Paraguay,DEF,1.67
Robert Piris Da Motta,Paraguay,MID,1.67
Óscar Romero,Paraguay,MID,1.67
Mathías Villasanti,Paraguay,MID,22.65
Hugo Cuenca,Paraguay,MID,1.79
Andrés Cubas,Paraguay,MID,84.99
Álvaro Campuzano,Paraguay,MID,5.72
Ángel Romero,Paraguay,MID,5.84
Rodney Redes,Paraguay,MID,1.67
Enso González,Paraguay,MID,1.67
Diego González,Paraguay,MID,1.67
Munir El Kajoui,Morocco,GK,0.07
Youssef Belammari,Morocco,DEF,16.91
Ayyoub Bouaddi,Morocco,MID,0.07
Ayoube Amaimouni-Echghouyab,Morocco,FWD,0.07
Sander Tangvik,Norway,GK,0.0
Thelo Aasgaard,Norway,MID,7.25
Fredrik Aursnes,Norway,MID,0.0
Martin Ødegaard,Norway,MID,81.86
Lorenzo Melgarejo,Paraguay,MID,1.67
Rubén Lezcano,Paraguay,MID,1.67
Carlos González,Paraguay,FWD,1.67
Isidro Pitta,Paraguay,FWD,6.89
Adrián Alcaraz,Paraguay,FWD,1.67
Adam Bareiro,Paraguay,FWD,7.66
Ronaldo Martínez,Paraguay,MID,4.23
Robert Morales,Paraguay,FWD,1.67
Ilay Camara,Senegal,DEF,5.26
Moustapha Mbow,Senegal,DEF,2.91
Bara Sapoko Ndiaye,Senegal,MID,2.91
Sadio Mané,Senegal,MID,84.68
Sipho Chaine,South Africa,GK,2.25
Olwethu Makhanya,South Africa,DEF,2.25
Bradley Cross,South Africa,DEF,2.25
Kamogelo Sebelebele,South Africa,MID,4.21
Iqraam Rayners,South Africa,MID,53.43
Jarell Quansah,England,DEF,3.58
Reece James,England,DEF,71.0
Eberechi Eze,England,MID,13.13
Ollie Watkins,England,FWD,5.11
Ivan Toney,England,FWD,0.89
Sondre Langås,Norway,DEF,0.8
Nilson Angulo,Ecuador,MID,8.66
Abdulquddus Atiah,Saudi Arabia,GK,0.12
Hassan Al Tambakti,Saudi Arabia,DEF,82.38
Zakaria Hawsawi,Saudi Arabia,DEF,0.12
Jehad Thikri,Saudi Arabia,DEF,12.32
Moteb Al Harbi,Saudi Arabia,DEF,10.6
Salem Al Dawsari,Saudi Arabia,MID,85.12
Alaa Al Hejji,Saudi Arabia,MID,0.12
Nasser Al Dawsari,Saudi Arabia,MID,68.71
Mohammed Abu Al Shamat,Saudi Arabia,MID,0.12
Saleh Abu Al Shamat,Saudi Arabia,FWD,6.31
Abdullah Al Salem,Saudi Arabia,FWD,1.82
Alphonso Davies,Canada,DEF,20.64
Alistair Johnston,Canada,DEF,74.0
Moïse Bombito,Canada,DEF,80.62
Alfie Jones,Canada,DEF,0.0
Stephen Eustaquio,Canada,MID,78.73
Jacob Shaffelburg,Canada,MID,30.23
Promise David,Canada,FWD,5.16
Lawrence Ati Zigi,Ghana,GK,9.12
Joseph Anang,Ghana,GK,2.3
Abdul Baba,Ghana,DEF,2.3
Alidu Seidu,Ghana,DEF,75.96
Kojo Peprah Oppong,Ghana,DEF,3.8
Jonas Adjetey,Ghana,DEF,74.85
Abdul Mumin,Ghana,DEF,5.0
Alexander Djiku,Ghana,DEF,85.71
Marvin Senaya,Ghana,DEF,2.3
Jerome Opoku,Ghana,DEF,21.7
Gideon Mensah,Ghana,DEF,86.15
Caleb Yirenkyi,Ghana,MID,75.74
Thomas Partey,Ghana,MID,84.13
Elisha Owusu,Ghana,MID,16.2
Kwasi Sibo,Ghana,MID,27.7
Jordan Ayew,Ghana,FWD,77.96
Iñaki Williams,Ghana,FWD,70.66
Ernest Nuamah,Ghana,MID,59.4
Prince Adu,Ghana,FWD,2.3
Abdul Fatawu,Ghana,FWD,18.6
Christopher Bonsu Baah,Ghana,FWD,4.2
Antoine Semenyo,Ghana,FWD,73.16
Brandon Thomas-Asante,Ghana,FWD,3.0
Kamaldeen Sulemana,Ghana,FWD,15.4
Eric García,Spain,DEF,0.0
Marc Pubill,Spain,DEF,0.0
Mikel Merino,Spain,MID,31.67
Fabián Ruiz,Spain,MID,75.67
Gavi,Spain,MID,0.03
Nico Williams,Spain,MID,73.03
Harry Souttar,Australia,DEF,90.0
Cameron Devlin,Australia,MID,8.27
Jackson Irvine,Australia,MID,88.12
Mathew Leckie,Australia,MID,12.56
Mohamed Touré,Australia,FWD,6.7
Tete Yengi,Australia,FWD,6.7
Ahmed Tagnaouti,Morocco,GK,0.07
Yassine Bounou,Morocco,GK,88.23
Nayef Aguerd,Morocco,DEF,88.12
Achraf Hakimi,Morocco,DEF,84.75
Chadi Riad,Morocco,DEF,77.57
Noussair Mazraoui,Morocco,DEF,83.99
Redouane Halhal,Morocco,DEF,0.07
Issa Diop,Morocco,DEF,0.07
Zakaria El Ouahdi,Morocco,DEF,0.07
Sofyan Amrabat,Morocco,MID,79.29
Neil El Aynaoui,Morocco,MID,87.51
Brahim Díaz,Morocco,MID,80.75
Azzedine Ounahi,Morocco,MID,63.14
Bilal El Khannouss,Morocco,MID,39.63
Soufiane Rahimi,Morocco,FWD,12.85
Abde Ezzalzouli,Morocco,FWD,66.61
Chemsdine Talbi,Morocco,FWD,1.84
Fidel Escobar,Panama,DEF,84.18
Edgardo Fariña,Panama,DEF,10.46
Alberto Quintero,Panama,FWD,1.07
Azarías Londoño,Panama,FWD,7.61
Tomás Rodríguez,Panama,FWD,10.01
Sergiño Dest,USA,DEF,0.0
Miles Robinson,USA,DEF,0.6
Tyler Adams,USA,MID,71.91
Haji Wright,USA,FWD,2.29
Álex Zendejas,USA,MID,0.0
Robin Roefs,Netherlands,GK,0.0
Jurriën Timber,Netherlands,DEF,24.76
Guus Til,Netherlands,MID,0.65
Mats Wieffer,Netherlands,MID,8.56
Frenkie de Jong,Netherlands,MID,79.06
Marten de Roon,Netherlands,MID,0.0
Justin Kluivert,Netherlands,MID,24.75
Memphis Depay,Netherlands,FWD,72.68
Crysencio Summerville,Netherlands,MID,0.0
Abdelatif Ramdane,Algeria,GK,6.92
Oussama Benbot,Algeria,GK,6.92
Samir Chergui,Algeria,DEF,11.81
Mohamed Tougaï,Algeria,DEF,6.92
Nabil Bentaleb,Algeria,MID,37.74
Cristian Volpato,Australia,MID,6.7
Christopher Opéri,Côte d'Ivoire,DEF,8.78
Piero Hincapié,Ecuador,DEF,83.71
Willian Pacho,Ecuador,DEF,87.0
Jonas Urbig,Germany,GK,0.0
JD Gunn,Panama,GK,0.0
Iván Anderson,Panama,DEF,0.0
José Murillo,Panama,DEF,0.0
Víctor Griffith,Panama,MID,6.08
Abdulrahman Al Sanbi,Saudi Arabia,GK,0.12
Tyler Fletcher,Scotland,MID,0.0
Pape Sy,Senegal,GK,2.91
Herman Johansson,Sweden,MID,7.68
Joaquín Piquerez,Uruguay,DEF,9.64
Rodrigo Bentancur,Uruguay,MID,21.47
Rodrigo Zalazar,Uruguay,MID,1.16
Danilo,Brazil,DEF,39.99
Danilo,Brazil,MID,2.14
